{
  "train": {
    "rows": 9527,
    "columns": 17,
    "missing": {
      "Area": 0,
      "Perimeter": 469,
      "MajorAxisLength": 0,
      "MinorAxisLength": 0,
      "AspectRation": 0,
      "Eccentricity": 0,
      "ConvexArea": 0,
      "EquivDiameter": 0,
      "Extent": 0,
      "Solidity": 474,
      "roundness": 0,
      "Compactness": 0,
      "ShapeFactor1": 0,
      "ShapeFactor2": 0,
      "ShapeFactor3": 0,
      "ShapeFactor4": 0,
      "Class": 0
    },
    "duplicate_rows": 24,
    "class_counts": {
      "DERMASON": 2503,
      "SIRA": 1837,
      "SEKER": 1408,
      "HOROZ": 1340,
      "CALI": 1151,
      "BARBUNYA": 927,
      "BOMBAY": 361
    },
    "numeric_summary": {
      "Area": {
        "count": 9527.0,
        "mean": 53040.26104754907,
        "std": 29316.037319941675,
        "min": 20420.0,
        "25%": 36299.5,
        "50%": 44593.0,
        "75%": 61332.0,
        "max": 254616.0
      },
      "Perimeter": {
        "count": 9058.0,
        "mean": 855.704747516008,
        "std": 214.9210058626589,
        "min": 524.932,
        "25%": 703.34125,
        "50%": 794.336,
        "75%": 978.706,
        "max": 1985.37
      },
      "MajorAxisLength": {
        "count": 9527.0,
        "mean": 325.8797538080338,
        "std": 156.66998584426898,
        "min": 183.6011650038393,
        "25%": 253.18571055961428,
        "50%": 296.7691431107022,
        "75%": 376.9158784895998,
        "max": 4951.024098156741
      },
      "MinorAxisLength": {
        "count": 9527.0,
        "mean": 202.1861925059897,
        "std": 44.87131907777605,
        "min": 129.5762069262578,
        "25%": 175.54847435118853,
        "50%": 192.41783011644463,
        "75%": 217.03862690513415,
        "max": 460.1984968278401
      },
      "AspectRation": {
        "count": 9527.0,
        "mean": 1.583961034545329,
        "std": 0.24640274120419894,
        "min": 1.024867596066768,
        "25%": 1.4336454385957524,
        "50%": 1.5515086328591132,
        "75%": 1.7092927193451064,
        "max": 2.388873435995996
      },
      "Eccentricity": {
        "count": 9527.0,
        "mean": 0.7512604005824405,
        "std": 0.09159689162397903,
        "min": 0.218951263353565,
        "25%": 0.7165628446757482,
        "50%": 0.7645756842794433,
        "75%": 0.811006384460089,
        "max": 0.9081673188354096
      },
      "ConvexArea": {
        "count": 9527.0,
        "mean": 53760.58759315629,
        "std": 29763.896612976154,
        "min": 20684.0,
        "25%": 36684.5,
        "50%": 45131.0,
        "75%": 62305.0,
        "max": 263261.0
      },
      "EquivDiameter": {
        "count": 9527.0,
        "mean": 253.03928601323403,
        "std": 59.19835644904663,
        "min": 161.24376423134018,
        "25%": 214.98362461341515,
        "50%": 238.2804461519558,
        "75%": 279.4464667024921,
        "max": 569.3743583287609
      },
      "Extent": {
        "count": 9527.0,
        "mean": 0.7495173416151075,
        "std": 0.04899680088561737,
        "min": 0.55531471681117,
        "25%": 0.7183426800472255,
        "50%": 0.759137221385034,
        "75%": 0.7867203900276112,
        "max": 0.8661946405648266
      },
      "Solidity": {
        "count": 9053.0,
        "mean": 0.9871149372141355,
        "std": 0.004705958514633787,
        "min": 0.9192461570857022,
        "25%": 0.9856367077636072,
        "50%": 0.988268760579274,
        "75%": 0.9900045955882352,
        "max": 0.9946774999456888
      },
      "roundness": {
        "count": 9527.0,
        "mean": 0.8729968252661349,
        "std": 0.05953899321825364,
        "min": 0.4896182562412148,
        "25%": 0.8318632524641281,
        "50%": 0.8827570263259723,
        "75%": 0.9169770859701364,
        "max": 0.9868122846283266
      },
      "Compactness": {
        "count": 9527.0,
        "mean": 0.7996601257975525,
        "std": 0.061615178483036416,
        "min": 0.6453676584773521,
        "25%": 0.7619676842646709,
        "50%": 0.8011201944409586,
        "75%": 0.8337878020130501,
        "max": 0.9873029693778108
      },
      "ShapeFactor1": {
        "count": 9527.0,
        "mean": 0.00656601097666142,
        "std": 0.0011283031260602985,
        "min": 0.0027780126683855,
        "25%": 0.00589819420530855,
        "50%": 0.0066477297333235,
        "75%": 0.00727857476204985,
        "max": 0.0098970034306394
      },
      "ShapeFactor2": {
        "count": 9527.0,
        "mean": 0.001715046740653774,
        "std": 0.0005954510420993881,
        "min": 0.0005669885118613,
        "25%": 0.00115226309965925,
        "50%": 0.0016984846011844,
        "75%": 0.0021696362230423996,
        "max": 0.0036649719644516
      },
      "ShapeFactor3": {
        "count": 9527.0,
        "mean": 0.6432522556861241,
        "std": 0.0988088699880165,
        "min": 0.4164994146085401,
        "25%": 0.580594751964233,
        "50%": 0.6417935659411194,
        "75%": 0.6952020987857839,
        "max": 0.9747671533422432
      },
      "ShapeFactor4": {
        "count": 9527.0,
        "mean": 0.9950595674535061,
        "std": 0.004395537922742865,
        "min": 0.9476874027098624,
        "25%": 0.9937007172958091,
        "50%": 0.9963934747361278,
        "75%": 0.9978746427859976,
        "max": 0.999709101182346
      }
    }
  },
  "val": {
    "rows": 1347,
    "columns": 17,
    "missing": {
      "Area": 0,
      "Perimeter": 62,
      "MajorAxisLength": 0,
      "MinorAxisLength": 0,
      "AspectRation": 0,
      "Eccentricity": 0,
      "ConvexArea": 0,
      "EquivDiameter": 0,
      "Extent": 0,
      "Solidity": 63,
      "roundness": 0,
      "Compactness": 0,
      "ShapeFactor1": 0,
      "ShapeFactor2": 0,
      "ShapeFactor3": 0,
      "ShapeFactor4": 0,
      "Class": 0
    },
    "duplicate_rows": 0,
    "class_counts": {
      "DERMASON": 352,
      "SIRA": 280,
      "SEKER": 201,
      "HOROZ": 186,
      "CALI": 154,
      "BARBUNYA": 124,
      "BOMBAY": 50
    },
    "numeric_summary": {
      "Area": {
        "count": 1347.0,
        "mean": 51841.072754268745,
        "std": 29715.508900406807,
        "min": -74783.0,
        "25%": 36347.0,
        "50%": 44258.0,
        "75%": 59671.0,
        "max": 226687.0
      },
      "Perimeter": {
        "count": 1285.0,
        "mean": 851.1307447470815,
        "std": 210.77236394266305,
        "min": 530.8249999999999,
        "25%": 703.958,
        "50%": 791.9409999999999,
        "75%": 970.091,
        "max": 1839.808
      },
      "MajorAxisLength": {
        "count": 1347.0,
        "mean": 317.7460036151547,
        "std": 83.30224805150064,
        "min": 191.6489166848376,
        "25%": 253.11501544074224,
        "50%": 295.77133262395535,
        "75%": 373.11824177796365,
        "max": 720.6955205465366
      },
      "MinorAxisLength": {
        "count": 1347.0,
        "mean": 201.94066856629414,
        "std": 44.52392523418052,
        "min": 136.70995787896155,
        "25%": 176.110730191479,
        "50%": 191.94741708939472,
        "75%": 214.6557238155783,
        "max": 435.837856504911
      },
      "AspectRation": {
        "count": 1347.0,
        "mean": 1.5746621195068964,
        "std": 0.24193308981475584,
        "min": 1.036422681482383,
        "25%": 1.4209169692751482,
        "50%": 1.5471823704190475,
        "75%": 1.6984525034159215,
        "max": 2.387394886069192
      },
      "Eccentricity": {
        "count": 1347.0,
        "mean": 0.7483977723934073,
        "std": 0.09201324461617358,
        "min": 0.2627743751390126,
        "25%": 0.710426986710037,
        "50%": 0.7630527470952285,
        "75%": 0.8082996658081627,
        "max": 0.9080477762541987
      },
      "ConvexArea": {
        "count": 1347.0,
        "mean": 53196.57832219748,
        "std": 29014.069939463345,
        "min": 21590.0,
        "25%": 36886.5,
        "50%": 44899.0,
        "75%": 60959.0,